state,bill_number,1_include_in_brief,1_enacted_0_not_enacted,1_good_0_bad,text_description,comments
Alabama,AL SB 59,0,1,1,Allows dependents of military members to use military medical records as evidence of immunization receipt (instead of the routine state Blue Card process,NA
Alabama,AL HB 444,1,0,0,"Allows religious exemptions from immunization requirements for students attending religiously affiliated private schools, with documentation provided by a caregiver",NA
Alabama,AL HB 367,1,0,0,Prohibits governmental entities and county health departments from using public funds to produce or distribute materials that promote vaccination,NA
Alabama,AL SB 85,1,0,0,Specifies that religious exemptions to immunization requirements are permitted with a written declaration from a parent or guardian,NA
Alabama,NA,NA,NA,NA,NA,NA
Alaska,AK SB 147,0,0,1,Permits pharmacists to prescribe and administer vaccines,NA
Alaska,AK HB 238,1,0,0,"Allows parents or guardians to exempt their minor children from school immunization requirements by submitting a signed statement citing religious, medical, or philosophical objections",
Arizona,AZ HB 2257,0,0,0,Prohibits using one's vaccination status when making foster care placement decisions,NA
Arizona,AZ HB 2514,1,1,0,"Outlines a Parental Bill of Rights, including a provision that emphasizes parents' right to exempt their children from immunizations",NA
Arizona,AZ HB 2063,1,0,0,Would require that communications regarding school vaccine mandates include information on the process for obtaining exemptions,NA
Arizona,AZ SB 1668,1,0,1,Codifies the requirement that insurers fully cover all vaccines recommended by the Advisory Committee on Immunization Practices (ACIP),NA
Arizona,AZ SB 1663,1,0,1,"Proposed expanding the state's immunization reporting system, currently focused on child immunization data, to routinely collect information on adult immunizations",NA
Arkansas,AR HB 1131,0,1,1,Allows registered nurses to delegate vaccinating authority to medical assistants,NA
Arkansas,AR HB 1132,0,1,1,Requires that any school parental communications about vaccines also include information about type 1 and type 2 diabetes,NA
Arkansas,AR HB 1619,1,1,1,"Requires the state Medicaid program to reimburse providers for administering RSV immunizations at the same rate as the Vaccines for Children (VFC) program, and prohibits civil liability against providers who administer these immunizations",NA
Arkansas,AR SB 6,1,0,0,"Allow pharmaceutical company officers to be held criminally liable for ""vaccine harm""",NA
Arkansas,AR HB 1135,0,1,1,Allows dependents of military members to use military medical records as evidence of immunization receipt (instead of the routine state Blue Card process,NA
California,CA SB 290,1,0,0,Repeals the requirement that children must be immunized in order to receive CalWORKs benefits,NA
California,CA AB 2101,1,0,1,Establishes a state stockpile of vaccines,NA
California,CA SB 957,1,0,1,Establishes the inclusion of sexual orientation and gender identity data within the State Immunization Information System (IIS),NA
California ,CA SB 144,1,0,1,"Would authorize state to modify or supplement baseline vaccine recommendations, taking into account guidance from leading medical organizations",
Colorado,CO SB 196,1,1,1,"Specifies that if the Advisory Committee on Immunization Practices (ACIP) is repealed, modified, or otherwise ceases to operate, the commissioner of insurance retains the authority to require vaccine coverage by insurers",NA
Colorado,CO HB 1027,1,1,1,"Directs the State Board of Health to consider vaccination recommendations from the American Academy of Pediatrics (AAP) and other professional organizations, in addition to those from the Advisory Committee on Immunization Practices (ACIP), when establishing immunization requirements; Includes additional changes to school immunization provisions",NA
Connecticut,AR HB 1141,NA,0,1,Study pharmacist compensation for vaccine administration,NA
Connecticut,CT SB 526,1,0,0,"Would expand exemptions to state-mandated vaccination laws for school-aged children to allow philosophical exemptions based on personal, moral, or other beliefs",
Connecticut,CT HB 6174,1,0,0,Would allow students to recover actual and punitive damages for injuries or illnesses caused by a vaccination program if the state required the student to receive the vaccine as a condition of school admission,
Connecticut,CT HB 6581,1,0,1,"Would authorize pharmacists to administer vaccines to children, regardless of age",NA
Connecticut,CT HB 6614,1,0,0,Would reestablish religious exemptions for school vaccination requirements,NA
Connecticut,CT HB 6550,1,0,1,Would establish an annual public education campaign to inform residents about free and low-cost vaccines,NA
NA,NA,NA,NA,NA,NA,NA
Delaware,DE SB 180,1,1,1,"Pharmacists, pharmacy interns, and nationally certified pharmacy technicians who have completed an accredited training program, are currently trained in CPR, and have notified the Delaware Board of Pharmacy may administer immunizations via a prescriber's order or protocol for patients aged 3 years and older.",NA
Delaware,DE HB 225,1,1,1,"Provides for the reimbursement of vaccine administration fees to eligible providers for vaccines administered to eligible children under the Vaccines for Children (VFC) program, in accordance with rates set by the Division of Medicaid and Medical Assistance in conjunction with the CDC. If funding levels permit, these funds may also be used to upgrade and maintain the state immunization registry (DelVAX).",NA
Florida,FL SB 110,1,0,1,"Would establish a Primary and Preventive Care Grant Program to provide funding to providers in rural areas of the state, which may be used to purchase vaccines",NA
Florida,FL SB 1752,1,0,1,Would establish a universal state health plan ('Florida Health Plan') that includes coverage for vaccines,NA
Florida,FL SB 1299,1,1,0,Prohibits discrimination based on vaccination status in educational institutions,NA
Montana,MT HB 118 (LC 1352)-,0,1,0,Provides a 30-day grace period for children of military families to adhere to school vaccination requirements,NA
Montana,MT SB 474,1,0,0,Would require acceptance of religious and personal medical exemptions to mandated immunizations,NA
Montana,MT LC 1384,1,0,1,Would direct the health department to pursue a Medicaid waiver to provide full immunization coverage for individuals experiencing homelessness,NA
Montana,MT HB 364,1,0,1,Would require schools to report deidentified vaccination and exemption data to the state,NA
Montana,MT SB 285,0,0,0,Removes or modifies vaccine requirements for daycares and private schools,NA
Montana,NA,NA,NA,NA,NA,NA
New Mexico,NM SB 508,1,0,1,Would codify the requirement for insurers to fully cover all vaccines recommended by the Advisory Committee on Immunization Practices (ACIP),NA
New Mexico,NA,NA,NA,NA,NA,NA
North Dakota,ND HB 1519,1,0,0,Would require the state to compile individual death and vaccination records and publish aggregated data on a quarterly basis,NA
North Dakota,ND HB 1454,1,1,0,"Would establish an opt-out procedure for required vaccines based on health, religious, or philosophical grounds",NA
North Dakota,ND HB 1457,1,0,0,Would allow individuals to claim exemption from vaccine requirements if the vaccine does not meet several strict criteria,NA
North Dakota,ND HB 1467,,0,,Publication of vaccine adverse event data and information,
South Dakota,SD SB 100,1,0,0,Would prohibit the addition of any new childhood vaccine requirements beyond those currently mandated,NA
South Dakota,SD HB 1223,1,0,0,"Would allow for ""conscience exemptions"" from vaccination requirements",NA
Minnesota,MN HF 3219 & MN SF 3456,NA,0,0,Would designate mRNA vaccines as weapons of mass destruction and prohibit their use,Not eligible (only covers COVID at the moment) but still found interesting
Minnesota,MN HF 91,1,0,0,Would require a parent or legal guardian to be present for vaccine administration to a minor,
Minnesota,MN HF 3239 & MN SF 3439,1,0,1,"Would prohibit the use of an exemption to immunization due to conscientiously held beliefs for immunization against measles, mumps, and rubella",Died in committee
Minnesota,MN HF 3240 & MN SF 3438,NA,0,1,Would establish a targeted grant program to address outbreaks of VPDs,Died in committee
Minnesota,MN HF 3152,NA,0,0,Would prohibit administration of gene-based vaccines,Died in committee
Minnesota,MN HF 2884,NA,0,0,Would prohibit enforcement of government vaccine mandates and allow for proof of natural antibodies as vaccination alternative,Died in committee
Minnesota,MN HF 481 & SF 1529,NA,0,0,Would prohibit discrimination against individual who refuses medical interventions for reasons of conscience,Does not apply to children but found this interesting - died in committee
Minnesota,MN SF 717,NA,0,0,Would prohibit enforcement of government vaccine mandates,Died in committee
Minnesota,MN SF 929 & HF 1812,1,0,1,Would establish a state health plan covering child immunizations,Died in committee
Minnesota,MN SF 698 & HF 2815,NA,0,0,Would prohibit local enforcement of federal vaccine passports,Died in committee
Minnesota,MN SF 839,1,0,0,Would require a parent or legal guardian to be present for vaccination of a minor,Died in committee
Minnesota,MN SF 694 & HF 92,1,0,0,"Would establish a ""Bill of Rights"" for vaccine recipients, requiring ""independent information from sources other than vaccine manufacturers, governmental entities, or quasi-governmental entities""",Died in committee
Minnesota,MN HF 2860 & SF 3048,NA,0,1,Would authorize local health departments to obtain vaccines and proposed form of epinephrine according to standing order,died in committee - not sure what this means exactly
Minnesota,MN SF 389,NA,0,0,Would prohibit residence of public assistance benefits for families due to vaccination status,Died in committee but thought it was interesting
Mississippi,MS HB 1066,NA,1,0,Provides a 30-day grace period for children of military families to adhere to school vaccination requirements,I don't think this is new â€“Â maybe it was missing from the state legislation but it looks like this was already a thing in all states
Mississippi,MS HB 1571,1,0,0,Would expand and facilitate non-medical vaccination exemptions,Died in committee
Mississippi,MS HB 1422,1,0,0,Would prohibit provider incentives for vaccination,Died in committee
Mississippi,MS HB 1506,1,0,0,Would expand non-medical exemptions to include philosophical and conscientious exemptions,"Introduced 2023-24, not enacted"
Missouri,MO HB 1195 / MO SB 548,0,0,0,"Would restrict pharmacists from ordering and administering some childhood vaccines (e.g., polio, Hib vaccines)",Died in committee
Missouri,MO HB 943,NA,0,1,Would require pediatricians to administer hepatitis B vaccines to infants vulnerable to disease and would limit ability of pharmacists to administer childhood vaccines,Died in chamber. I thought the hepatitis B part of this was interesting.
Missouri,MO SB 374,1,0,1,Would allow dentists to administer vaccines to their patients,Died in committee
Missouri,MO SJR 37,1,0,0,"This constitutional amendment would prohibit laws or policies from infringing upon individuals' right to refuse medical procedures, potentially overriding existing laws limiting exemptions to medical or religious reasons.",Died in committee
Nebraska,NE LB 202,1,0,1,Would allow pharmacy technicians to administer vaccines,2023-24 session
Nebraska,NE LB 374,1,0,0,"Would establish a ""parental bill of rights,"" including reinforcing parents' ability to opt out of school immunization (e.g., via religious exemptions)",2023-24 session
Nebraska,NE LB 1028,1,0,0,Would require that local and county health departments receive state-level approval for vaccination efforts,2023-24 session
Nevada,NV SB 192,1,0,1,Would require health insurance plans to cover recommended childhood vaccines,Failed
New Hampshire,NH SB 60 & HB 357,1,0,0,"Would remove school requirement for varicella (chicken pox), Hepatitis B, and Hib vaccines; would remove authority of Commissioner of Health and Human Services to make vaccine rules",Died in chamber
New Hampshire,NH HB 358,1,0,0,"Would eliminate the form needed to obtain a religious exemption, allowing such exemptions with a signed statement from a parent",Vetoed by governor
New Hampshire,NH HB 679,1,0,0,Would prohibit requiring childhood immunization with vaccines that have not been shown to prevent transmission of disease in clinical trials,Died in chamber
New Hampshire,NH HB 524,1,0,0,"Would repeal the state's Vaccine Association, which is responsible for the universal purchase of vaccines",Retained - will come back next session for a vote
New Hampshire,NH HB 10,0,1,0,"Establishes parental bill of rights regarding child's education, reaffirms religious immunization exemptions (currently allowed)",Signed by governor
New Jersey,NJ A 624,NA,0,0,Would establish state-level vaccine adverse event reporting system specifically for children,Referred to committee â€“Â Unclear if this is good or bad
New Hampshire,NH S 75,1,0,1,Would authorize access for insurers to the state's immunization registry,
New Jersey,NJ A 1899,0,1,1,"Allows pharmacists, pharmacy interns, and pharmacy technicians to vaccinate children against COVID-19 / flu without prescription",Signed into law
New Jersey,NJ S 4067,NA,0,NA,Would require health insurance carriers to reimburse for vaccines at rates consistent with CDC cost per dose,"Still in committee - NJ does not really adjourn, they can still come back this fall"
New Jersey,NJ A 1307 / NJ S 377,1,0,0,"Would add additional requirements to obtain consent for vaccination, such as vaccine insert and VAERS reporting to guardian 48 hours prior to vaccine administration",Was introduced in 2024 but is still part of current session and can still be voted on
New Jersey,NJ A 1523,1,0,0,Would require parents to opt in to NJ Immunization Information System,Referred to committee
New Jersey,NJ S 379,1,0,0,"Would create a ""Children's Vaccination Bill of Rights,"" emphasizing vaccine opt-out",2023-24 session
New York,NY S 7729,1,0,1,Would require rotavirus immunization for school attendance,Referred to committee
New York,NY S 7823 & NY A 8383,1,0,1,Would remove reference to the Advisory Committee on Immunization Practices (ACIP) in the state's meningococcal vaccine recommendation,Referred to committee
New York,NY S 7851 & NY A 8343,NA,0,1,Would add failure to immunize child to definition of parental neglect,Dead
New York,NY S 369 & NY A 7642,NA,0,1,Would protect vaccinated persons from discrimination,Referred to committee
New York,NY A 7692 & NY S 5706,NA,0,1,Would allow nursing students to administer vaccines,Kind of neutral - still in committee
New York,NY A 7988,NA,0,1,Would allow physician assistants to independently administer vaccines,Referred to committee
New York,NY S 5852,NA,0,NA,Would require insurance reimbursement for total practice expenses associated with vaccinations,Referred to committee
New York,NY S 7025,NA,0,1,Would allow pharmacy technicians to administer vaccines under pharmacist supervision,Referred to committee
New York,NY S 5700,NA,0,1,Would remove religious exemptions for post-secondary students,Referred to committee - not relevant for school-aged children but still interesting
New York,NY A 4993,NA,0,0,Would establish liability against the state for injury caused by administration of state-mandated vaccine,Referred to committee
New York,NY A 3860,NA,0,NA,Would direct schools to accept medical immunization exemptions,Referred to committee  - don't understand what this adds
New York,NY A 3254 + NY S 3958,NA,0,1,Would require immunizations for children and staff at summer camps,Referred to committee
New York,NY S 3299 & NY A 3455,NA,0,0,Would require parents to be present during vaccine administration,Referred to committee
New York,NY S 3547,NA,0,1,Would require school-based health centers to offer vaccination,Referred to committee
New York,NY A 2045,NA,0,0,Would remove school immunization requirements,Referred to committee
New York,NY A 2078,NA,0,1,Would require hepatitis B vaccination for post-secondary students,Referred to committee â€“Â not relevant for school-aged children but still interesting
New York,NY S 3020,1,0,0,Would exempt private and parochial schools from immunization requirements,Referred to committee
New York,NY S 266 & NY A 1358,1,0,0,Would allow for religious vaccination exemptions,Referred to committee
New York,NY A 1153,NA,0,1,Would require schools to use standardized medical immunization exemption request form,Referred to committee - unclear if this is good?
New York,NY A 3082,0,0,1,Would require middle schools and high schools to provide instruction on vaccine science,Referred to committee
New York,NY S 1570,0,0,1,Would permit children 14 years and older to receive vaccinations without parental consent,Referred to committee
New York,NY A 1908,1,0,0,Would require providers to provide additional information about vaccines 48 hours ahead of administering,Referred to committee
New York,NY S 453,NA,0,1,Would require NYC providers to report immunization for those 19 and older to DOH/city immunization registry,Not relevant to target population but interesting
New York,NY S 4536,NA,0,1,Would require IIS to record data on vaccine exemptions reported by each health care provider,Referred to committee
New York,NY A 1153,0,0,1,Would standardize the medical immunization exemption request form for school use,
North Carolina,NC HB 803,1,0,0,Would require vaccines added to state immunization schedule to have been approved by FDA for at least 3 years,Recessed
North Carolina,NC SB 373,1,0,0,Would prohibit health care providers from refusing patients who are not up-to-date on vaccinations,Recessed
North Carolina,NC HB 380,1,0,0,"Would expand non-medical vaccination exemptions to include ""conscientious objections""",Recessed
North Carolina,NC HB 89,NA,0,0,Would remove immunization requirements for college students in the state,Recessed
North Carolina,NC HB 75,NA,0,NA,Would add requirements for commercial messaging about vaccines,Not really relevant but interesting
Ohio,OH HB 319,0,0,0,Would prohibit discrimination based on vaccination status,2023-24 session
Ohio,OH HB 289,1,0,1,"Would establish a universal health care plan for state residents, including coverage for immunizations",Referred to committee
Ohio,OH SB 144,1,1,1,Allows pharmacists and pharmacy technicians to administer vaccines to children 5 and over,2023-24
Oklahoma,OK SB 943,0,0,0,"Would create ""Oklahoma Medical Freedom Act"" to prevent discrimination due to vaccination status",Died in committee
Oklahoma,OK HB 1475,0,0,0,Would prohibit school discrimination against students due to vaccination status,Died in committee
Oklahoma,OK SB 762,NA,0,NA,Would prevent state from basing decisions on World Health Organization mandates,Died in committee but thought it was interesting
Oklahoma,OK SB 941,0,0,0,Would add additional requirements for labeling vaccine ingredients,Died in committee
Oklahoma,OK SB 879,NA,0,0,Would prohibit administration of Hepatitis B birth dose vaccination without written consent,Died in committee and not relevant for school-aged children
Oklahoma,OK SB 807,1,0,0,Would require providers to give caregivers additional information and obtain written consent before administering vaccines,Died in committee
Oklahoma,OK HB 3249,0,0,0,Would allow conscientious exemptions to childcare vaccine requirements,2023-24
Oregon,OR SB 1100,NA,0,0,Would prohibit schools from requiring any mRNA vaccines for enrollment,Failed
Oregon,OR SB 383,1,0,0,"Would prohibit discrimination based on vaccination status, including for schoolchildren",Failed
Oregon,OR SJR 31,1,0,0,Proposes an amendment to the Oregon Constitution to prohibit requiring any specific vaccine unless encoded by state law,
Oregon,OR S 42,1,0,1,"Would give money to Oregon Health Authority for the Vaccine Access Program, for vaccine purchases",
Oregon,OR HB 4010,0,1,1,Will allow pharmacists to vaccinate children age 3 and over,Enacted 2023-24
Pennsylvania,PA HB 695,1,0,0,"Would require providers to continue caring for children who do not follow the recommended vaccine schedule, as long as they receive one vaccine each year",Referred to committee
Pennsylvania,PA HB 617,0,0,0,"Would allow individuals to refuse any vaccine based on ""medical freedom""",Referred to committee
Pennsylvania,PA HB 447,1,0,0,Would require schools to prominently disseminate information on how to obtain vaccination exemptions,Referred to committee
Pennsylvania,PA SB 957,NA,0,0,Would require providers to disclose vaccination status of available blood to patients ahead of transfusion.,Not relevant for our purposes but interesting (and impractical)
Pennsylvania,PA HB 120,0,0,0,Would require guardians to provide consent for the administration of vaccines to children under 18,Referred to committee
Pennsylvania,PA HB 1828,1,0,1,"Would allow the PA Department of Health to make the vaccine schedule, referring to the Advisory Committee on Immunization Practices (ACIP), AAP, and other sources",
Pennsylvania,PA HB 2244,0,0,1,Would require schools to report the number of vaccinated/unvaccinated students on their website,2023-24
Georgia,GA HB 173,0,0,1,Would require the Department of Education to provide parents with information about recommended adolescent vaccinations,Died in chambers
Georgia,GA HB 576,0,0,NA,Require that vaccination status cannot be used to make decisions surrounding organ donation receipt.,Died in chambers
Georgia,GA SB 345,0,1,0,Prohibit any governmental entity (state and local) from mandating vaccine passports or requiring proof of COVID-19 vaccination to access services or facilities,NA
Georgia,GA SB 262,1,0,1,"Would require insurers to fully cover preventive services, including immunization, without cost-sharing requirements",
Georgia,GA HB 897,1,0,0,"Would prohibit state or local governments from requiring vaccinations as a condition for accessing public services, including education",
Georgia,GA SR 304,1,1,1,Includes RSV vaccination and monoclonal antibodies within the Vaccines for Children program,
Hawaii,HI HB 2392,0,1,1,Makes an emergency appropriation for coronavirus disease 2019 pandemic mitigation including vaccination response activities.,NA
Hawaii,HI HB 72,NA,1,1,Requires pharmacy technicians be registered to perform their duties (including administration vaccines),NA
Hawaii,HI HR 169,1,1,1,"Requires the Department of Health to undertake preliminary education, outreach, and vaccination drive efforts at schools with vaccination rates under 30%",NA
Hawaii,HI SB 1434,1,1,1,"Establishes a universal funding program for immunizations, which will allow for the administration of vaccines at no cost",NA
Hawaii,HI SB 1437,1,0,1,Would remove the option of non-medical exemptions to immunization requirements,Died in committee
Hawaii,HI HB 1715,1,0,0,"Would establish a ""Parental Bill of Rights"" to include expanding non-medical exemptions for vaccine mandates",
Hawaii,HI HB 2553,1,1,1,Allows pharmacists and pharmacy technicians to administer vaccines to children 3 years and older,
Hawaii,HI SCR 129-2025,0,0,1,"Urging The Department Of Health To Undertake Preliminary Education, Outreach, And Vaccination Drive Efforts At Schools In Hawaii With Vaccination Rates Under Fifty Percent, Prioritizing Schools With Vaccination Rates Under Thirty Percent, Beginning At The Start Of The 2025-2026 School Year.",Died in committee
Hawaii,HI SR 108-2025,0,0,1,"Urging The Department Of Health To Undertake Preliminary Education, Outreach, And Vaccination Drive Efforts At Schools In Hawaii With Vaccination Rates Under Fifty Percent, Prioritizing Schools With Vaccination Rates Under Thirty Percent, Beginning At The Start Of The 2025-2026 School Year.",Died in committee
Idaho,ID H131,0,0,0,"Require blood donations to be labeled if the donor had received a COVID-19 or other mRNA vaccine, allowing requests based on such labeling",Died in committee
Idaho,ID H135,NA,1,NA,Removes immunization services from list of those that do not require verification of lawful presence in the US,NA
Idaho,ID H 290,1,1,0,"Codifies immunization and documentation requirements for schools and daycares, including a simple opt-out process for exemptions",NA
Idaho,ID H 397,1,0,0,Would change inclusion in the state's immunization registry from opt-out to opt-in,NA
Idaho,ID H 438,1,0,0,"Would require that all school communications to parents about vaccine requirements include information about non-medical exemptions and state that ""immunizations are not mandatory""",Died in committee
Idaho,ID S 1227,0,0,0,"Would establish the ""Bill of Patient Medical Rights,"" under which patients cannot be denied treatment due to refusing a vaccine",
Idaho,ID H472,NA,0,0,Amends existing law to prohibit medical mandates under certain conditions,Died in committee
Idaho,ID H91,NA,1,0,Repeal the Idaho Childhood Immunization Policy Commission,NA
Idaho,ID S 1023,NA,0,0,Prohibit the mandate of any medical intervention by the state,Vetoed - Idaho Senators introduced a new bill ID S 1210 and House reintroduced their own version ID H 472
Idaho,ID H597,0,1,0,Allows students of majority age to submit their own non-medical exemptions from school immunization requirements.,NA
Idaho,ID S 1038,0,1,0,Prohibits the state from being compelled to engaged in the enforcement of requirements or mandates issued by WHO.,NA
Idaho,ID SB 1210,1,1,0,"Prohibits the mandate of any medical interventions, including vaccines, in the state (excluding facilities who receive Medicaid/Medicare and [pending legal interpretation] schools).",NA
Idaho,ID SC R102,0,1,NA,"Establishes a legislative committee to study the state's response to the COVID-19 pandemic, noting as justification for the study that ""there is a rapidly growing increase in credible clinical and medical research data indicating the COVID-19 vaccines are not efficacious and are potentially dangerous""",NA
Illinois,IL HB 1073,0,0,NA,Amend the college/university Tdap vaccine requirement to allow 1 dose in the last 10 years (instead of all 3 required doses) if the student is in the process of completing catchup,Passed both chambers; sent to the governor
Illinois,IL HB 2600,0,NA,0,"Creates the COVID-19 vaccination employer mandate prohibition act, provides that it is unlawful for an employer in the State of Illinois to create, implement, or otherwise enforce a workplace vaccination program that requires any employee to demonstrate to the employer that he or she has received or its related booster that was approved under emergency use authorization by the United States Food and Drug Administration.",25% progression
Illinois,IL HB 4929,0,1,1,"Licensed optometrist may independently administer the influenza vaccine, the COVID-19 vaccine, or the shingles vaccine upon completion of the required training. The vaccination for influenza and COVID-19 shall be limited to patients 5 years of age and older.",NA
Illinois,IL HB 5853,NA,0,NA,Allow 1 Tdap vaccine in the past year to satisfy the college vaccine requirement (instead of 3 documented doses).,Failed to passed
Illinois,IL SR 213,1,0,1,Urges government stakeholders to work with clinicians and families to ensure children are fully vaccinated before starting school,NA
Illinois,IL SB 2286,NA,NA,1,A health insurer issuer or a contracted utilization review organization may not require prior authorization for preventive health services recommended by a health care professional.,25% progression
Illinois,IL HR 129,1,1,1,Declares a specified date as Vaccine Awareness Day to educate the public about the importance of vaccines and urges the Department of Health to continue prioritizing and investing in immunization,
Illinois,IL SB 2494,NA,0,NA,Specify that respiratory care practitioners with appropriate training are allowed to vaccinate those 18 years and older,Passed both chambers
Illinois,IL SB 2744,NA,0,1,"Prohibit insurers from having any form of cost sharing (including deductible, coinsurance, copayment, or any other cost-sharing requirement) for vaccine administration.",Failed to passed
Illinois,IL HB 1569,1,0,1,"Would require health providers to administer a vaccine to a patient who is requesting it, as long as the provider has deemed it medically necessary and there is at least one dose available",
Indiana,IN HB 1168,1,0,0,Would prohibit vaccine mandates across settings,Died in committee
Indiana,IN HB 1071,1,0,0,Would expand non-medical exemptions,
Indiana,IN HB 1344,1,0,0,Would establish state-level vaccination adverse event reporting system,Died in committee
Indiana,IN SB 96,0,0,1,Would allow pharmacists to administer any ACIP-recommended vaccines,Died in committee
Iowa,IA HF 2298,0,1,0,"Prohibits the requirement for COVID-19 vaccine in child care centers or school prior to July 1, 2029",Formerly HF2040 - passed the house and moved to the senate (cannot find on Legiscan for update)
Iowa,IA HF 299,1,1,0,Requires any public communications about vaccines requirements to include information about vaccine exemptions,NA
Iowa,IA HF 2041,1,0,0,Would require parents to opt-in to statewide immunization registry,
Iowa,IA HF 88,1,0,0,Would remove requirement that children receiving independent private instruction provide proof of immunization to the state,
Iowa,IA HF 2055,1,0,0,Would eliminate vaccination requirements for child care centers and elementary/secondary schools,
Kansas,KS HB 2263,0,0,0,"Authorizing pharmacy technicians to administer certain vaccines, creating a civil cause of action against a physician and requiring revocation of a physician's license who performs a childhood gender reassignment service",Died in committee in the 2023-2024 legislative session.
Kansas,KS SB 2007,0,0,0,Prohibiting the secretary of health and environment from requiring COVID-19 vaccination for care at child care facility or attendance at school.,Failed to pass in the 2023-2024 legislative session.
Kansas,KS SB 315,1,0,0,Would require child care facilities and educational institutions to grant exemptions from vaccine requirements without inquiring into the sincerity of the request,Failed to pass in the 2023-2024 legislative session.
Kansas,KS SB 19,1,0,0,Would provide right to refuse vaccines for reasons of conscience,
Kansas,KS HB 2369,1,0,1,Would allow pharmacists to order and administer FDA-approved vaccines for individuals 7 years and older,
Kansas,KS HB 2045,1,1,0,Religious vaccine exemptions for childcare facilities to loosen exemption procedures for parents with “sincerely held” religious beliefs,
Kentucky,KY HB 177,0,0,0,"Prohibiting the state, any political subdivision of the state, or any governmental agency requiring a child to receive a COVID-19 vaccination",Died in committee in the 2024 legislative session
Kentucky,KY HB 274,0,1,1,Permits pharmacists to administer vaccines to children five years or older pursuant to prescriber-approved protocols with the consent of a parent or guardian.,Passed in the 2024 legislative session
Kentucky,KY HB 629,1,0,0,Would prohibit health care providers from refusing to treat people who have not received a particular vaccine,
Kentucky,KY HB 110,1,0,0,Would expand non-medical vaccination exemptions to allow for conscientious objection,
Kentucky,KY HB 695,1,0,1,"Would prohibit insurers from imposing cost-sharing requirements on preventive services, including routine immunizations",
Louisiana,LA HB 629,1,0,0,Would add steps to process to obtain informed consent before vaccine administration,
Kentucky,KY SB 295,0,0,0,"Prohibit a requirement for any individual to receive a COVID-19 vaccine, modified ModRNA vaccine, or mRNA vaccine for the purpose of student enrollment, employment, or medical treatment in the Commonwealth",Died in committee in the 2024 legislative session
Louisiana,LA HB 400,0,0,0,"Would specify that informed parental consent is necessary for any medical treatment, including vaccination, for minors under 18.",Died in committee
Louisiana,LA HB 47,1,1,0,Requires that communication issued about immunization requirements include information about exemptions,
Louisiana,LA HB 655,1,1,0,Increases the patient's fee for vaccines at public health units from $10 to $50,NA
Louisiana,LA HR 314,1,1,1,Urges Department of Health to improve access to immunization services in rural and low-income communities,
Louisiana,LA HR 292,1,1,0,Urges Department of Health to study relationship between sudden unexpected deaths of infants and children and the administration of vaccinations,
Louisiana,LA HB 690,NA,1,0,Authorize surgeon general to promulgate new rules regarding administration of products under Emergency Use Authorization (EUA) - including vaccines,NA
Louisiana,LA HB 866,0,0,NA,"Prohibits employment termination, denying of public services, segregation, discrimination, and penalties against someone who refused vaccination",Failed
Louisiana,LA HCR 3,0,0,0,Repeals the COVID-19 vaccine requirement to attend school,Died in committee
Louisiana,LA HR 214,NA,1,0,"Require the attorney general to investigate whether certain corporations violated any laws in the production, distribution, or sale of COVID-19 vaccinations.",NA
Maine,ME HB 107,1,0,0,Would restore religious exemptions to immunization requirements,Failed to passed
Maine,ME LD 1883,1,0,1,"Would establish Maine Health Plan for all residents, covering all childhood and adult vaccinations",Failed to passed
Maine,ME SB 478,1,1,1,Allows pharmacists to administer vaccines to children 3 years and older with a prescription,
Maine,ME HB 956,0,0,0,Sought to include vaccination as a protected class,
Maine,ME HB 727,1,0,0,Repeals certain immunization requirements for a child to attend a public or private elementary or secondary school in the state,
Maine,ME L D436 (HP 290),0,0,0,Prohibiting state agencies from promoting COVID-19 vaccine in any medium to children,Failed to passed
Maine,ME LD 917 (HP 852),0,1,0,Repeals a provision of law stating that healthcare providers can't charge uninsured patients for COVID-19 vaccines,NA
Maryland,MD HB 1315,0,1,1,Requires health insurers to cover all costs associated with childhood and adolescent immunizations.,NA
Maryland,MD HB 286,NA,1,NA,"Delays the effective date of certain provisions of law that repeal the authority of paramedics to administer influenza and COVID-19 immunization under certain circumstances, relates to the authority of paramedics to administer immunizations.",NA
Maryland,MD HB 608,1,0,0,Would require county board of education to grant students temporary admission to schools if parent is unable to provide proof of immunization,Died in committee
Maryland,MD HB 76 & MD SB 18,0,1,NA,"Pharmacists with appropriate training and qualifications can provide an influenza vaccine, COVID-19 vaccine, and any other vaccine ""used in response to a public health emergency"" to those 3 years and older",NA
Maryland,MD HB 974,1,1,1,Allows the health commissioner to adopt regulations as needed to ensure that health insurers cover all vaccines recommended by the Advisory Committee on Immunization Practices (ACIP) as of December 2024.,NA
Maryland,MD HB 184,1,0,1,"Would establish Healthy Maryland Program, which would provide comprehensive, universal health care services for state residents, including immunizations",
Maryland,MD SB 378,0,0,1,Would authorize minors who are at least 14 years old to consent to vaccination under certain circumstances,
Massachusetts,MA SB 1557,1,0,1,Would require all schools to annually report aggregate immunization data and to make school-level data public,
Massachusetts,MA SB 1618,1,0,1,Specifies requirements for obtaining exemptions to vaccine requirements and immunization data reporting,
Massachusetts,MA HB 3072,1,0,1,Would provide a $100 tax credit for residents who provide proof of vaccination,
Massachusetts,MA HB 1081,1,0,1,Would require insurers to cover recommended vaccines without cost-sharing,
Maryland,MD SB 210,0,NA,1,Extend paramedic authority to administer influenza and COVID-19 vaccines until 2030.,NA
Massachusetts,MA H 2431,0,NA,0,Restricting use of mRNA vaccines,25% progression
Michigan,MI HB 4079,1,0,0,Would prohibit a requirement for Hepatitis B vaccinations for children under certain circumstances,Died in committee in the 2023-2024 legislative session.
Michigan,MI SB 107,1,0,1,Would require insurers to cover recommended vaccines administered by pharmacists within insurer network,"Engrossed on 4/22/25, 50% progression"
Michigan,MI SB 219,1,1,1,Permits pharmacists to order and administer vaccines to children 3 years and older,Passed in the 2023-2024 legislative session
Michigan,MI SR 50,1,1,1,Urges CDC to include new RSV immunization technologies (including vaccines and monoclonal antibodies) within the federal Vaccines for Children Program,Passed in the 2023-2024 legislative session
Michigan,MI HB 6205,1,0,1,Would add requirements for obtaining a nonmedical exemption to vaccine requirements,
Puerto Rico,"Puerto Rico Fundamental Right to Religious Freedom Act (Law No. 14 of April 13, 2025)",1,1,0,Prohibits government from voiding a religious vaccine exemption even during an epidemic unless parental consent is provided; adds requirements to informed consent process,NA
Puerto Rico,PR HB 59,1,0,1,"Would include influenza in the list of diseases for which all children in preschool or school must be vaccinated, in accordance with recognized medical practices",
Puerto Rico,PR HB 2105,1,0,1,Would change insurance coverage requirements to guarantee access to vaccination services ,
District of Columbia,DC B 278,1,1,1,"Requires schools to annually distribute immunization information, including information on how to obtain immunizations, in languages other than English",Enacted- 1/23/2024
Washington,WA HB 1520; WA SB 5513,1,0,1,Would expand authority of pharmacists to administer vaccines,Died in committee
Washington,WA HB 1531,1,1,1,Preserves the ability of public officials to address communicable diseases,NA
Washington,WA SB 5781,0,0,1,Restoring trust in public health by conforming to food and drug administration labeling.,Not eligible; Died in committee
Washington,WA SB 5513,0,0,1,Involves pharmacist vaccination authority,Died in committee
Washington,WA H 1957,1,1,1,Requires preserving coverage of immunization services for children without cost sharing,03/28/2024 - Enacted
West Virginia,WV SB 517,0,0,0,Would require medical professionals to submit suspected vaccine adverse events to the bureau of public health and receive formal training on negative vaccine side effects every five years.,Died in committee
West Virginia,WV SB 904,0,0,0,Would move several vaccine-related public health authorities from the Public Health Commissioner to the State Health Officer,Died in chamber
West Virginia,WV SB 259; WV SB 556; WV HB 2376,0,0,0,Would affect foster care home vaccine requirements,Died in committee
West Virginia,WV HB 3489,0,0,0,Would expand exemptions for childhood immunizations.,Died in committee
West Virginia,WV HB 3384,0,0,0,The purpose of this bill is to prohibit vaccine mandates at all institutions of higher education.,Died in committee
West Virginia,WV HB 3298,0,0,0,The purpose of this bill is to prohibit colleges and universities in West Virginia from requiring the COVID-19 vaccine or associated booster shot as a prerequisite for enrolling or attending in-person class.,Died in committee
West Virginia,WV SB 460,0,0,0,"Would add religious and philosophical exemptions for school vaccine requirements, prohibiting students from being excluded for lack of vaccination.",Died in chamber
West Virginia,WV HB 3019,0,0,0,Would require certain information to be included with any school-related immunization notifications for parents. ,Died in committee
West Virginia,WV HB 2732 ; WV SB 250;  WV SB 460,0,0,0,"Would add religious and philosophical exemptions for school vaccine requirements, prohibiting students from being excluded for lack of vaccination.",Died in committee
West Virginia,WV HB 2729,1,0,0,"Would prohibit vaccine mandates for private, parochial, charter, virtual charter, and remote public schools",Died in committee
West Virginia,WV SB 289,1,0,0,Would allow for religious and philosophical exemptions to mandatory vaccination requirements and would revise the existing process to obtain a medical exemption,Died in committee; combined multiple bills related to religious and philosophical exemptions
West Virginia,WV SB 250,0,0,0,The purpose of this bill is to provide a religious exemption to school attendance vaccines requirements.,Died in committee
West Virginia,WV HB 2004; WV HB 3489,0,0,0,This bill would allow for exemptions based on religious and philosophical objections for compulsory childhood immunizations.,Died in committee
West Virginia,WV SB 108,1,0,0,Would make immunization completely voluntary for students attending private schools,Died in committee
West Virginia,WV HB 2203,0,0,0,The purpose of this bill is to eliminate the vaccine requirements for public virtual schools.,Died in committee
West Virginia,WV HB 2376,0,0,0,The purpose of this bill is to prohibit the requirement that the children of foster parents must be immunized.,Died in committee
West Virginia,WV SB 556,0,0,0,The purpose of this bill is to prohibit the requirement of certain immunizations as condition of being a foster parent and provide an exception.,Died in committee
West Virginia,WV HB 2529,0,0,0,The purpose of this bill is to eliminate compulsory COVID-19 vaccinations for participation or employment in any organization that receives state dollars.,Died in committee
West Virginia,WV SB 49,0,0,0,The purpose of this bill is to prohibit mandates for vaccinations.,Died in committee
West Virginia,WV HB 2517,1,0,0,Would eliminate all vaccine mandates for school enrollment,Died in committee
West Virginia,WV HB 2517,0,0,0,"Would eliminate vaccine mandates and establish that vaccinations are not required as a condition of school enrollment, attendance, or employment.",Died in committee
West Virginia,WV HB 2372,1,0,0,"Would establish a ""Parents' Bill of Rights"" that reaffirms the rights of parents to make vaccination decisions",Died in committee
West Virginia,WV SB 250,0,0,0,Would allow for religious exemptions to vaccine requirements.,
West Virginia,WV HB 2430,0,0,0,The purpose of this bill is to allow for pharmaceutical companies to be held liable for injuries resulting from the Covid-19 vaccine.,Died in committee
Virginia,VA HB 2189,1,0,0,"Would expand vaccine exemptions, particularly in school settings, during an epidemic",Died in committee
Virginia,VA SB 84,0,0,1,Involve school or childcare vaccine requirements- related to homeschooled kids,Died in chamber; urelated
Virginia,VA HB 1785,0,0,1,Involve school or childcare vaccine requirements- related to daycare centers,Died in committee; this bill is unrelated in the original text- relates to exemption from licensure requirements
Virginia,VA H 1279,1,1,1,"Requires the Department of Health to make the school health entrance forms, including immunization forms, more user-friendly",04/04/2024 - Enacted
Virginia,VA H 2306; VA H 783,1,0,0,Would allow for religious exemptions to immunization during epidemics,Died
Vermont,VT H 69,1,0,0,Proposes to publicize reporting by health providers of adverse events following immunization on the health department's website ,Died in committee
Vermont,VH 274,0,0,0,Prohibits discrimination by hospitals based on vaccination status,Died in committee
Vermont,VT SR 14,0,1,1,Urges USDA and CDC to expedite the establishment and implementation of an H5 vaccine reserve and distribution system for farms,Not eligible- avian influenza
Vermont,VT H 433,0,0,1,Would establish a universal state health plan that covers vaccines,Died in committee
Vermont,VT H 274,0,0,0,Would prohibit refusing healthcare services to someone due to their vaccine status.,Died in committee
Vermont,VT H 185,0,0,1,Would expand an existing childhood universal vaccine purchase program to include coverage for all primary care services,Died in committee
Vermont,VT S 64,1,0,1,Would allow optometrists to vaccinate during health emergencies,Died in committee
Utah,UT SB 13,1,1,0,"This education law, among various provisions, exempts students attending a home-based ""microschool"" or micro-education program from school immunization requirements.","This bill was passed in to law on March 20, 2024"
Utah,UT HB 228,0,1,0,Removes any expiration of student vaccine exemption forms and requires schools to transfer such exemption if a student changes schools,"This bill makes administrative changes to vaccination records and exemptions. It eliminates the expiration of school vaccine exemption forms (previously, Utah required periodic renewal of exemptions) and requires that when a student transfers schools, their immunization record and any exemption must be forwarded to the new school"
Utah,UT SB 89,1,0,1,Would ensure appropriate compensation/reimbursement for vaccine administration,NA
Tennessee,TN HJR 28,1,0,0,"Would forbid the state from compelling any individual to undergo medical treatment, including vaccination, even during a declared emergency",Died in committee
Tennessee,TN SB 263; TN SB 318,1,1,0,Prohibits the enforcement or recognition of requirements or mandates issued by the World Health Organization as the basis for any official action,Combined these two- both enacted
Tennessee,TN HB 318,0,1,0,"Prohibits the enforcement and recognition of requirements or mandates issued by the World Health Organization, United Nations, or World Economic Forum in this state.",NA
Tennessee,TN SB 260,0,0,0,Focuses on mRNA vaccine food labeling requirements,Died in committee
Tennessee,TN SB 1272,1,1,0,States that a child in state custody cannot be denied school admission due to lack of immunization or inability to provide immunization records,NA
Tennessee,TN SB 827; TN HB 1003,1,1,0,Remove vaccine requirements for students attending fully online private schools,NA
Tennessee,TN SB 1389,0,0,1,Would prohibit providers who participate in Medicaid (or CoverKids) from refusing to see/treat patients due to vaccine refusal.,Died in chamber
Tennessee,TN HB 1157,1,1,0,"Prohibits the state or local health department from promoting, distributing, or endorsing FDA-regulated products for uses not specified in their official labeling",NA
Tennessee,TN HB 1003,0,1,0,Removes vaccine requirements for students enrolled in fully online private schools.,NA
Tennessee,TN HB 638,0,0,1,"Would prohibit discrimination based on vaccination status, specify one's right to refuse vaccination, or prohibit refusal of services due to vaccine status.",Died in chamber
Tennessee,TN SB 680,0,1,0,Requires that any school parental communications about vaccines also include information about Type 1 and Type 2 Diabetes.,NA
Tennessee,TN HB 446,0,0,0,"Would restrict the jurisdiction of the World Health Organization, the United Nations, and the World Economic Forum in this state.",Died in chamber (changed this to 0 as such bills are already captured for this state)
Tennessee,"TN HB 1156, TN SB 1030",1,0,0,Would remove the responsibility of parents or guardians to ensure that their child receives vaccines recommended by CDC/AAP guidelines,Died in chamber
Tennessee,TN SB 1030,0,0,0,Would remove the responsibility of a parent or guardian to ensure that a child receives vaccines as recommended by CDC/AAP guidelines.,Died in chamber
Tennessee,TN SB 828,0,0,0,Requires a person who collects blood donations for the purpose of providing blood for blood transfusions to require a blood donor to disclose if the donor has received a COVID-19 vaccination; permits a person in need of a blood transfusion in a nonemergent situation to request blood based on the blood donor's COVID-19 vaccination status,Died in committee
Tennessee,TN SB 616,0,0,0,Would prohibit the sale of any food that contains a vaccine or vaccine material,Died in committee
Tennessee,TN HB 928,0,0,0,Would prohibit the sale of any food that contains a vaccine or vaccine material,Died in chamber
Tennessee,TN HB 1100,0,0,0,"Prohibits the manufacture, sale, or delivery, holding, or offering for sale in this state of any food that contains an antibiotic, or a vaccine or vaccine material, unless the food labeling contains a conspicuous notification of the presence of the antibiotic, vaccine, or vaccine material in the food; defines food that contains a vaccine or vaccine material as a drug for purposes of the Tennessee Food, Drug and Cosmetic Act",Died in chamber
South Carolina,SC H 3172,0,0,0,"Focus on mRNA vaccine-related food labeling, requiring meat products to indicate if mRNA vaccines were used",Not eligible; Died in committee
South Carolina,SC H 3198,0,0,0,"Focus on mRNA vaccine-related food labeling, requiring meat products to indicate if mRNA vaccines were used",Died in committee
South Carolina,SC S 2,1,1,0,Specifies requirements of informed consent for vaccination,NA
South Carolina,SC H 4562,1,0,1,Would prohibit insurers from requiring prior authorization for vaccines recommended by the Advisory Committee on Immunization Practices (ACIP),"Died in committee; changing this to pro as by prohibiting prior authorization, removes adminsitrative and insurance related barriers"
South Carolina,SC S 531,0,0,1,Would specify vaccine coverage/reimbursement rates.,Died in committee
South Carolina,SC H 4262,0,0,0,Would restrict the use of mRNA vaccines,Died in committee
South Carolina,SC H 4009,1,0,0,"Would emphasize the rights of individuals to refuse medical treatments, including vaccines",Died in committee
South Carolina,SC S 343,0,0,0,To Establish An Informed Consent Protocol That Must Be Followed Prior To A Certain Covid-19 Vaccine Being Administered Or Received.,Not eligible; Died in committee
South Carolina,SC H 3581,0,0,1,"This bill requires all students at South Carolinaâ€™s public colleges and universities (including technical colleges) to be vaccinated against meningococcal disease A and B and Hepatitis B in order to enroll and remain enrolled.Students (or their parents/guardians, if under 18) must be notified of the disease risks and provide proof of vaccination, unless medically exempted. Private colleges can choose to follow these rules but are not required to.",Died in committee
South Carolina,SC S 54,1,0,0,Seeks to broadly prohibit vaccine mandates across settings,"Died in chamber; Make it illegal for anyoneâ€”including businesses, colleges, or the governmentâ€”to require vaccines, with penalties for doing so.Prohibit employers from punishing employees who refuse vaccination. Reduce state powers to enforce quarantines (removes National Guard support for quarantine, limits isolation to only symptomatic or exposed individuals, and sets a 21-day time limit for asymptomatic quarantine).Requires the state to monitor vaccine safety and efficacy.Removes the requirement that health care workers must help give vaccines to keep their license.Adds new definitions for â€œgene therapyâ€ and â€œvaccineâ€â€”potentially to restrict what can be mandated or promoted in the future."
South Carolina,SC H 3118,1,0,0,"Would establish a ""Parental Bill of Rights,"" emphasizing parents' rights to make vaccine decisions for their children",Died in committee
South Carolina,SC H 3096,0,0,0,"Involves additional vaccine labeling or disclosures, including potential exposure to vaccine components",Not eligible; Died in committee
Rhode Island,RI SB 166,0,0,1,Would allow pharmacists to administer the flu vaccine to patients of any age,Not eligible
Rhode Island,RI HB 6373,1,0,1,Would require Medicaid reimbursement for immunization administration to be no less than 100% of the Medicare reimbursement rate,Died in committee
Rhode Island,RI HB 5427,0,0,1,Would allow pharmacists to administer COVID-19 vaccines to those 9 years and older (law currently allows for flu administration).,Not eligible
Rhode Island,RI SB 897,1,0,1,Would specify vaccine coverage and reimbursement rates,Died in committee
Rhode Island,RI SB 699,0,0,1,Includes the COVID-19 immunization under the consent and reporting provisions required for pharmacy administered immunizations to individuals between nine (9) and eighteen (18) years of age.,Died in committee
Rhode Island,RI HB 6037,1,0,1,Would give pharmacists the authority to administer vaccines to individuals aged 3 years and older,Died in committee
Rhode Island,RI SB 284,1,0,0,"Would establish a ""Parental Bill of Rights,"" emphasizing parents’ authority to make vaccination decisions for their children",Died in committee
Rhode Island,RI S 469,1,0,0,"Would require healthcare professionals to obtain written informed consent, signed by a parent or guardian prior to administering a vaccine ",Pending in Senate Health and Human Services committee
Rhode Island,RI H 5856,0,0,0,"Prohibit any person or entity exercising control, power, supervision, or responsibility over another individual from mandating vaccination without offering individual exemptions. These exemptions must allow a person to opt out of such mandates based on personal or medical reasons, religious beliefs, immunity status, periodic testing, or the use of provided personal protective equipment. The measure also provides for fines and penalties for violations",Pending in Senate Health and Human Services committee
Texas,TX HB 1586,1,1,0,Requires the health department to provide a blank affidavit form for claiming a vaccination exemption and to post it on their website,NA
Texas,TX SB 407; TX HB 1468,0,0,0,Relates to the vaccine exemptions for individuals covered under a vaccine preventable disease policy implemented by certain health care facilities.,Died in committee
Texas,TX HB 1468,0,0,0,Relating to vaccine exemptions for individuals covered under a vaccine preventable disease policy implemented by certain health care facilities.,Died in committee
Texas,TX HJR 91,1,0,0,Proposes a constitutional amendment recognizing the right of an individual to refuse vaccination without impacting their ability to attend school,Died in committee
Texas,TX SJR 10,0,0,0,Proposes a constitutional amendment guaranteeing the right of individuals to refuse medical treatments.,Died in committee
Texas,TX HB 1304,0,0,0,Propose new vaccine labeling requirements,Not eligible; Died in committee
Texas,TX SB 122,0,0,0,Relating to required labeling of certain products containing or derived from aborted human fetal tissue.,Not eligible; Died in committee
Texas,TX SB 754,0,0,0,Relates to additional informed consent requirements for vaccine communications,Died in committee
Texas,TX SB 269,0,1,0,Authorizes disciplinary action by the Texas Medical Board for failure to report suspected vaccine adverse events into VAERS.,NA
Texas,TX SB 315,0,0,0,"Would establish individual property rights to one's DNA, prohibiting anything that would alter or modify it",Died in chamber
Texas,TX HB 1620,0,1,0,Would prohibit providers who take Medicaid or CHIP from refusing services based on an individualâ€™s vaccination status.,This bill is something else entirely on LegiScan and Google compared to AIM
Texas,TX SB 401,0,1,1,Would allow homeschool students to participate in public school athletics if they adhere to the same vaccination requirements.,NA
Texas,TX HB 4076,0,1,0,Would prohibit utilizing one's immunization status to make organ transplant decisions.,Not eligible
Texas,TX SB 2119,0,0,0,Would require exemptions of conscience to vaccine requirements at medical and veterinary schools.,Died in committee
Texas,TX HB 3540; TX S 254; TX HB 623,0,0,1,"Would let pharmacists vaccinate ages 3+ for flu and COVID-19, and ages 5+ for other vaccines. Expanding authority of pharmacists to vaccinate",Died in committee; including these bills under one theme
Texas,TX HB 4535,0,1,1,"Would require an informed consent process before COVID-19 vaccine administration, including risks, development speed, lack of long-term studies, manufacturer liability, and VAERS info",Not eligible
Texas,TX HB 3441,1,1,0,Establishes civil liability for vaccine manufacturers that advertise their products in the state if the vaccine causes harm or injury,Not sure if we should be including this
Texas,TX HB 4535,0,1,0,"Would require an informed consent process before COVID-19 vaccine administration that specifically includes risks, development speed, long-term studies, manufacturer liability, and VAERS info.",Not eligible
Texas,TX SB 95; TX HB 943,0,0,0,Would allow for civil suit if informed consent for vaccination is not obtained,Died in committee
Texas,TX HB 4587,0,0,0,Would affect vaccine requirements and exemptions in Kâ€“12 schools.,Died in committee
Texas,TX HB 4927,0,0,0,Would affect vaccine requirements in colleges and universities.,Not eligible; Died in committee
Texas,TX  SB 2119,0,0,0,Would affect vaccine requirements in colleges and universities.,Not eligible; Died in committee
Texas,TX HB 5622,0,0,0,Would affect workplace vaccine requirements.,Not eligible; Died in committee
Texas,TX HB 5611,0,0,1,Would expand EMS providersâ€™ authority to vaccinate.,Not eligible; Died in chamber
Texas,TX SB 2375,0,0,0,Would prohibit medical service refusals based on vaccination status.,Died in committee
Texas,TX HB 5022,0,0,0,Would restrict the use of mRNA vaccines,Not eligible; Died in committee
Texas,TX HB 3735,0,0,1,Would require private insurer coverage for vaccines,Died in committee
Texas,TX HB 3304,0,0,0,Would prohibit any new vaccine requirements.,Died in committee
Texas,TX SB 1859; TX SB 3794; TX SB 911,0,0,1,Would expand advanced practice registered nursesâ€™ ability to vaccinate.,Died in chamber
Texas,TX HB 3794,0,0,1,Would expand advanced practice registered nursesâ€™ ability to vaccinate.,Died in committee
Texas,TX HB 3472,0,0,0,Relating to informed consent requirements before the provision of health care services.,Died in committee
Texas,TX HB 3852,NA,0,1,Relating to providing information regarding immunization requirements for admission to public elementary and secondary schools.,Died in committee
Texas,TX SB 911,0,0,1,Would expand advanced practice registered nursesâ€™ authority to vaccinate,Died in committee
Texas,TX SB 118; TX H 3440,0,0,0,Would remove authority to remove students from school during an outbreak,Died in committee
Texas,TX HB 468,0,0,0,Would remove health department authority to change the school vaccine schedule.,Died in committee
Texas,TX SB 117,0,0,0,Would specify required immunizations and remove the health department's ability to develop additional immunization recommendations.,Died in committee
Texas,TX SB 119,0,0,0,Would require labeling of animal meat products that received mRNA vaccines.,Died in committee
Texas,TX SB 269,0,1,0,Explicit requirements for VAERS reporting.,NA
Texas,TX HB 1356,1,0,0,Would prohibit discrimination by health care providers based on vaccination status,Died in committee
Texas,TX SB 623,0,0,1,Expand the scope of pharmacist and pharmacist technician vaccination authority.,Died in committee
Texas,TX HB 943,0,0,0,Civil suit for vaccine injury or failure to obtain informed consent.,Died in committee
Texas,TX S 46,1,0,1,Would change state immunization registry from opt-in to opt-out and create clear procedures for those who want their information excluded,Died in committee
Texas,TX SB 1859; TX SB 3794; TX SB 911; TX HB 3540; TX S 254; TX HB 623; TX HB 5611,0,0,1,"Expanding practise registered nurses, EMS providers, pharmacists and pharmacist technicians ability to vaccinate",Died in committee
Texas,TX HCR 105,0,0,0,"Would designate ""Vaccine Injury Awareness Day"" to be recognized for 10 years.",
Wisconsin,WI SB 489,1,0,0,"Would prohibit the state from infringing on the fundamental rights of parents, including making immunization-related decisions",
Wisconsin,WI SB 228,1,0,0,Would prohibit the Department of Health Services from requiring additional vaccines for school attendance,
Wisconsin,WI SB 418,1,0,1,Would establish a program to provide vaccines to individuals who are not eligible to receive the vaccines at no cost from a federal program,
Wisconsin,WI AB 428,0,0,1,Would require physicians to administer vaccines to minors who are at least 16 years old regardless of parental consent,
Wyoming,WY SB 162,1,0,0,Would remove certain requirements to obtain non-medical exemptions to vaccine requirements,
Wyoming,WY SB 24,1,1,0,Allows pharmacy technicians to abstain from administering immunizations to children under 13 years,
Wyoming,WY HB 44,1,0,0,"Would establish parental rights in a minor child's health care, repealing a provision authorizing vaccination of a minor without parental consent",